GRB,EP,Instrument,RA_deg,Dec_deg,Error_deg,po_CircularID,TriggerDate,TriggerTime,time_CircularID,T90_s,T90_err_s,T90_CircularID,GRBType,CircularID,EnergyBand,redshift,Comment,CircularType
GRB 260618A,EP260618a,EP/WXT,276.676,23.849,0.0416666666666666,44978.0,2026-06-18,08:34:46,44978.0,,,,,44978,,,,"Detection, Localization, Gamma-ray, X-ray, Optical, Spectroscopy, Observation"
GRB 260616B,EP260616a,EP/WXT,256.059,-32.305,0.0366666666666666,44956.0,2026-06-16,07:05:16,44956.0,,,,,44956,,,,"Detection, Localization, Gamma-ray, X-ray, Spectroscopy, Observation"
GRB 260610B,,,,,,45004.0,2026-06-10,,45004.0,62.0,,44931.0,,"45004, 44931, 45062, 44914",10-1000 keV,"0.474, 0.473",,"Detection, Gamma-ray, Optical, Spectroscopy, Redshift, Observation; Detection, Localization, Gamma-ray, Optical, Spectroscopy, Timing, Redshift, Observation; Detection, Gamma-ray, Optical, Redshift"
GRB 260607A,,,,,,44876.0,2026-06-07,,44876.0,,,,,"44876, 44866",,"0.111, 0.126",,"Detection, Gamma-ray, Optical, Spectroscopy, Redshift, Host Galaxy, Observation; Detection, Gamma-ray, Optical, Redshift, Host Galaxy, Observation"
GRB 260603A,,,,,,44797.0,2026-06-03,,44797.0,,,,,44797,,3.57,,"Detection, Localization, Gamma-ray, Optical, Redshift, Host Galaxy, Observation"
GRB 260601B,EP260601a,EP/WXT,257.649,-1.647,0.05,44766.0,2026-06-01,19:12:41,44766.0,,,,,"44769, 44916, 44766",,"4.0, 1.068",,"Detection, Optical, Redshift, Observation; Localization, Optical, Infrared, Spectroscopy, Redshift, Host Galaxy, Observation; Detection, Localization, X-ray, Spectroscopy, Observation"
GRB 260527A,EP260527a,EP/WXT,193.057,1.473,0.0383333333333333,44718.0,2026-05-27,06:16:18,44718.0,200.0,,44718.0,S,"44736, 44740, 44728, 44718",,"0.8, 0.3656",,"Detection, Localization, Optical, Redshift, Host Galaxy, Observation; Detection, Localization, Optical, Radio, Timing, Redshift, Observation; Detection, Localization, Optical, Infrared, Spectroscopy, Redshift, Host Galaxy, Observation; Detection, Localization, X-ray, Spectroscopy, Observation"
GRB 260516D,,,,,,44656.0,2026-05-16,,44656.0,,,,,44656,,1.801,,"Detection, Optical, Redshift, Observation"
GRB 260515A,,,227.6852,24.5562,0.0001388888888888,44624.0,2026-05-15,,44629.0,,,,,"44629, 44624, 44645, 44634, 44821",,"0.764, <4",,"Detection, Optical, Redshift, Observation; Detection, Localization, Gamma-ray, Optical, Redshift; Detection, Gamma-ray, Optical, Redshift, Observation; Detection, Gamma-ray, Optical, Redshift, Upper Limit, Observation"
GRB 260511B,,,,,,44573.0,2026-05-11,,44573.0,,,,L,"44573, 44568, 44565, 44571, 44577, 44593, 44576",,2.006,,"Detection, Optical, Redshift, Host Galaxy, Observation; Detection, Gamma-ray, Optical, Redshift; Detection, Gamma-ray, Optical, Spectroscopy, Redshift, Observation; Detection, Gamma-ray, X-ray, Optical, Spectroscopy, Redshift, Observation; Detection, Gamma-ray, Optical, Redshift, Observation; Detection, Gamma-ray, Optical, Infrared, Redshift, Observation"
GRB 260511A,,,,,,44538.0,2026-05-11,,44538.0,,,,,44538,,<4,,"Detection, Gamma-ray, Optical, Redshift, Observation"
GRB 260509A,,,176.89974,0.28822,0.0001388888888888,44507.0,2026-05-09,,44514.0,,,,,"44514, 44507",,"<1.95, <4",,"Detection, Gamma-ray, Optical, Spectroscopy, Redshift, Upper Limit, Observation; Detection, Localization, Gamma-ray, Optical, Redshift"
GRB 260421B,,,190.0018,-17.74055,,44387.0,2026-04-21,,44382.0,18.0,,44382.0,L,"44382, 44368, 44383, 44377, 44387",10-1000 keV,2.115,,"Detection, Localization, Gamma-ray, Spectroscopy, Timing, Redshift, Observation; Detection, Gamma-ray, Optical, Spectroscopy, Redshift, Observation; Detection, Gamma-ray, Optical, Redshift, Observation; Detection, Gamma-ray, X-ray, Optical, Redshift, Observation"
GRB 260417A,EP260417a,EP/WXT,245.3232,-22.0249,0.0027777777777777,44337.0,2026-04-17,00:23:02,44337.0,,,,,"44337, 44325",,,,"Detection, Localization, Refined Localization, Gamma-ray, X-ray, Spectroscopy, Observation; Detection, Localization, X-ray, Spectroscopy, Observation"
GRB 260411B,,,,,,44274.0,2026-04-11,,44274.0,,,,,44274,,<3.5,,"Detection, Localization, Gamma-ray, Optical, Redshift, Host Galaxy, Observation"
GRB 260402A,EP260402a,EP/WXT,170.9607,63.6128,0.0027777777777777,44201.0,2026-04-02,10:29:33,44201.0,,,,,"44186, 44201",,,,"Detection, Localization, X-ray, Observation; Detection, Localization, Refined Localization, X-ray, Optical, Infrared, Spectroscopy, Observation"
GRB 260310A,,EP/WXT,,,,43977.0,2026-03-10,,43977.0,60.0,,43975.0,L,"43977, 44095, 44172, 44063, 43975, 44053, 43981, 44248, 44057, 43986, 44134","3-79 keV, 10-1000 keV","0.153, 0.11, >0.7",,"Detection, Gamma-ray, Optical, Spectroscopy, Timing, Redshift, Host Galaxy, Observation; Detection, Gamma-ray, X-ray, Optical, Timing, Observation; Detection, Localization, Gamma-ray, Optical, Redshift, Observation; Detection, Localization, Gamma-ray, Spectroscopy, Redshift, Observation; Detection, Gamma-ray, Optical, Spectroscopy, Timing, Redshift, Observation; Detection, Gamma-ray, Spectroscopy, Timing, Redshift, Observation; Gamma-ray, Spectroscopy, Redshift; Detection, Gamma-ray, Optical, Redshift, Observation; Detection, Localization, Radio, Redshift, Observation; Optical, Spectroscopy, Redshift, Host Galaxy, Observation"
GRB 260208A,,,,,,43694.0,2026-02-08,,43694.0,35.3,,43673.0,L,"43694, 43666, 43664, 43673, 43662, 43770, 43771",10-1000 keV,2.36,,"Detection, Gamma-ray, X-ray, Optical, Redshift, Observation; Detection, Gamma-ray, Optical, Redshift, Observation; Detection, Gamma-ray, Optical, Redshift; Detection, Localization, Gamma-ray, X-ray, Spectroscopy, Timing, Redshift, Observation; Detection, Gamma-ray, Optical, Spectroscopy, Redshift, Observation; Detection, Gamma-ray, Optical, Redshift, Upper Limit, Observation; Gamma-ray, Optical, Redshift, Observation"
GRB 260131A,,,,,,43604.0,2026-01-31,20:08:00,43604.0,,,,,"43604, 43595",,"1.435, <1.95",,"Detection, Gamma-ray, Optical, Spectroscopy, Redshift, Observation; Detection, Gamma-ray, Optical, Spectroscopy, Redshift, Upper Limit, Observation"
GRB 260127B,,,192.469711,66.74969,,43538.0,2026-01-27,,43538.0,,,,S,43538,,0.12,,"Detection, Localization, Gamma-ray, Optical, Redshift, Observation"
GRB 260114A,,,,,,43429.0,2026-01-14,,43429.0,,,,S,"43429, 43423, 43410",,"0.52, 0.524",,"Detection, Localization, Gamma-ray, X-ray, Spectroscopy, Redshift, Observation; Detection, Localization, X-ray, Infrared, Redshift, Upper Limit, Observation; Detection, Gamma-ray, X-ray, Redshift, Host Galaxy, Observation"
GRB 260101A,,,,,,43287.0,2026-01-01,,43287.0,,,,,43287,,2.623,,"Detection, Gamma-ray, Optical, Spectroscopy, Redshift, Observation"
GRB 251230A,EP251230a,EP/WXT,179.8974,11.4382,0.0027777777777777,43272.0,2025-12-30,01:21:31,43272.0,72.0,,43272.0,,"43279, 43272, 43259, 43269, 43255, 43271",,"<2.2, 1.73",,"Detection, Gamma-ray, X-ray, Optical, Redshift, Upper Limit, Observation; Detection, Refined Localization, Gamma-ray, X-ray, Optical, Spectroscopy, Observation; Detection, Localization, X-ray, Optical, Observation; Detection, Optical, Redshift, Upper Limit, Observation; Detection, Localization, Gamma-ray, X-ray, Optical, Redshift"
GRB 251222A,EP251222b,EP/WXT,77.1954,-7.2139,0.0027777777777777,43215.0,2025-12-22,17:05:34,43201.0,350.0,,43215.0,L,"43204, 43212, 43236, 43215, 43201, 43273, 43230, 43226, 43222",10-1000 keV,3.171,,"Detection, Gamma-ray, X-ray, Optical, Infrared, Spectroscopy, Redshift, Observation; Detection, Gamma-ray, X-ray, Optical, Redshift, Observation; Detection, Localization, Gamma-ray, X-ray, Optical, Infrared, Redshift, Observation; Detection, Refined Localization, X-ray, Spectroscopy, Observation; Detection, Localization, X-ray, Observation; Detection, Gamma-ray, Optical, Redshift, Observation; Detection, Localization, Gamma-ray, X-ray, Spectroscopy, Timing, Redshift, Observation"
GRB 251214B,,,,,,43103.0,2025-12-14,,43103.0,,,,L,"43103, 43123",,"0.7, 0.709",,"Detection, Localization, Gamma-ray, Optical, Redshift, Host Galaxy, Observation; Detection, Gamma-ray, X-ray, Optical, Redshift, Host Galaxy, Observation"
GRB 251214A,EP251214a,EP/WXT,148.471,21.053,0.0516666666666666,43087.0,2025-12-14,02:27:01,43087.0,3043.0,,43087.0,,43087,,,,"Detection, Localization, Gamma-ray, X-ray, Optical, Spectroscopy, Observation"
GRB 251205A,,,,,,43020.0,2025-12-05,,43020.0,,,,,"43020, 43008",,"1.1, 0.25",,"Detection, Localization, X-ray, Optical, Redshift; Detection, Localization, Optical, Redshift, Observation"
GRB 251202A,EP251202a,EP/WXT,122.121,40.6,0.05,42937.0,2025-12-02,01:48:23.900000,42946.0,400.0,,42946.0,,"42937, 42999, 42946, 42939, 42948, 42957, 42943",10-1000 keV,2.785,,"Detection, Localization, Gamma-ray, X-ray, Optical, Observation; Detection, Gamma-ray, X-ray, Optical, Redshift, Observation; Detection, Refined Localization, X-ray, Spectroscopy, Observation; Detection, Gamma-ray, X-ray, Optical, Spectroscopy, Redshift, Observation; Detection, Localization, Gamma-ray, X-ray, Optical, Spectroscopy, Timing, Redshift, Observation; Detection, Localization, X-ray, Optical, Spectroscopy, Redshift, Observation"
GRB 251201B,,,,1.871,,42994.0,2025-12-01,,42994.0,,,,,42994,,<2,,"Detection, Optical, Spectroscopy, Redshift, Upper Limit, Observation"
GRB 251129A,EP251129a,EP/WXT,224.294,79.301,0.05,42884.0,2025-11-29,03:14:23,42884.0,,,,,"42900, 42884, 43249",,"1.46, 0.505","z = 0.505 (#43249), not z = 1.460 (#42900)","Detection, Gamma-ray, Optical, Spectroscopy, Redshift, Observation; Detection, Localization, X-ray, Optical, Observation; Detection, Optical, Spectroscopy, Redshift, Host Galaxy, Observation"
GRB 251126A,,,,,,42871.0,2025-11-26,,42871.0,,,,,"42871, 42863, 42855",,"3.6, 3.5",,"Detection, Optical, Spectroscopy, Redshift, Observation; Detection, Gamma-ray, Optical, Redshift"
GRB 251125B,,,,,,42842.0,2025-11-25,,42842.0,,,,,42842,,<3,,"Detection, Gamma-ray, Optical, Redshift, Upper Limit, Observation"
GRB 251122A,EP251122a,EP/WXT,38.022,14.1283,0.0027777777777777,42808.0,2025-11-22,13:53:43,42808.0,10.0,,42808.0,L,"42803, 42808, 43490, 42799",,"1.113, 1.765","spectroscopic z = 1.765 (#43490), photometric z = 1.113 ± 0.368 (#42803)","Detection, Localization, X-ray, Optical, Redshift, Observation; Detection, Refined Localization, Gamma-ray, X-ray, Optical, Spectroscopy, Observation; Detection, Localization, Optical, Infrared, Spectroscopy, Redshift, Host Galaxy, Upper Limit, Observation; Detection, Localization, X-ray, Observation"
GRB 251118C,EP251118a,EP/WXT,123.16,10.952,0.0311666666666666,42749.0,2025-11-18,16:42:29,42749.0,,,,L,"43056, 42773, 42798, 42749, 42756, 42780",,"1.217, 1.216, <2",,"Detection, Gamma-ray, Optical, Redshift, Observation; Detection, Gamma-ray, X-ray, Optical, Infrared, Timing, Redshift, Observation; Detection, X-ray, Optical, Redshift, Observation; Detection, Localization, X-ray, Spectroscopy, Observation; Detection, Optical, Spectroscopy, Redshift, Observation"
GRB 251103A,,,,,,42540.0,2025-11-03,,42540.0,,,,,42540,,0.76,,"Detection, Gamma-ray, Optical, Spectroscopy, Redshift, Observation"
GRB 251026B,,,133.2284,-6.25815,,42470.0,2025-10-26,,42470.0,,,,S,42470,,0.055,,"Detection, Localization, Gamma-ray, Optical, Redshift, Upper Limit, Observation"
GRB 251026A,EP251026a,EP/WXT,72.663,51.775,0.035,42482.0,2025-10-26,08:26:33,42482.0,500.0,,42482.0,,42482,,,,"Detection, Localization, X-ray, Spectroscopy, Observation"
GRB 251025B,,,,,,42472.0,2025-10-25,,42472.0,,,,,42472,,2.003,,"Detection, Gamma-ray, Optical, Spectroscopy, Redshift, Host Galaxy, Observation"
GRB 251023B,EP251023b,EP/WXT,73.502,12.648,0.0366666666666666,42415.0,2025-10-23,08:46:06,42415.0,160.0,,42415.0,,42415,,,,"Detection, Localization, Refined Localization, X-ray, Spectroscopy, Observation"
GRB 251022A,,,,,,42423.0,2025-10-22,,42423.0,,,,,42423,,<3,,"Detection, Gamma-ray, Optical, Redshift, Observation"
GRB 251017A,,,,,0.0001666666666666,42350.0,2025-10-17,,42350.0,,,,,"42350, 42348, 42341",,"4.327, 4.34, >4",,"Detection, Optical, Spectroscopy, Redshift, Observation; Detection, Optical, Redshift, Observation; Detection, Gamma-ray, Optical, Redshift, Observation"
GRB 251015B,,Fermi/GBM,355.1,-56.1,1.0,42293.0,2025-10-15,16:08:49,42293.0,,,,L?,42293,,,,"Detection, Localization, Gamma-ray"
GRB 251013C,,,345.8356,-0.2103,,42247.0,2025-10-13,,42736.0,12.0,,42259.0,,"42736, 42319, 42247, 42254, 42227, 42232, 42259",10-1000 keV,0.572,,"Detection, Gamma-ray, Optical, Redshift, Observation; Detection, Localization, Gamma-ray, X-ray, Optical, Redshift, Observation; Detection, Gamma-ray, X-ray, Optical, Radio, Redshift, Observation; Detection, Gamma-ray, Optical, Spectroscopy, Redshift, Observation; Detection, Localization, Gamma-ray, X-ray, Optical, Spectroscopy, Redshift, Upper Limit, Observation; Detection, Localization, Gamma-ray, X-ray, Spectroscopy, Timing, Redshift, Observation"
GRB 251006B,EP251006a,EP/WXT,40.505,-5.989,0.04,42137.0,2025-10-06,20:05:04,42137.0,100.0,,42137.0,,42137,,,,"Detection, Localization, X-ray, Spectroscopy, Observation"
GRB 251003A,,,,,,42086.0,2025-10-03,03:12:00,42086.0,,,,,"42086, 42096, 42074, 42095",,"4.412, >4, 4.38",,"Detection, Optical, Spectroscopy, Redshift, Observation; Detection, Refined Localization, X-ray, Spectroscopy, Redshift, Observation; Detection, X-ray, Optical, Redshift, Observation; Detection, Gamma-ray, Optical, Redshift"
GRB 251002A,,,,,,42110.0,2025-10-02,,42110.0,26.0,,42093.0,,"42110, 42076, 42093, 42081",10-1000 keV,2.178,,"Detection, Optical, Redshift, Observation; Detection, Gamma-ray, Optical, Spectroscopy, Redshift, Observation; Detection, Localization, Gamma-ray, Spectroscopy, Timing, Redshift, Observation"
GRB 251001B,,,,,,42053.0,2025-10-01,02:39:00,42053.0,,,,,"42053, 42083",,2.162,,"Detection, Optical, Spectroscopy, Redshift, Observation; Detection, Gamma-ray, Optical, Redshift, Upper Limit, Observation"
GRB 250925A,EP250925a,EP/WXT,341.205,46.564,0.05,42001.0,2025-09-25,17:03:22,42001.0,200.0,,42001.0,,"42001, 42005, 42004, 42025, 42030, 41997",,"3.899, 4.2",,"Detection, Localization, X-ray, Spectroscopy, Observation; Detection, Optical, Redshift, Observation; Detection, Optical, Redshift, Upper Limit, Observation; Detection, Localization, X-ray, Optical, Spectroscopy, Redshift, Observation"
GRB 250920C,,,,,,41955.0,2025-09-20,04:29:00,41928.0,,,,,"41955, 42009, 41952, 41928",,"1.399, 1.4",,"Detection, Optical, Spectroscopy, Redshift, Host Galaxy, Observation; Detection, Gamma-ray, Optical, Infrared, Timing, Redshift, Observation; Detection, Optical, Spectroscopy, Redshift, Observation"
GRB 250920B,,,,,0.42,41915.0,2025-09-20,,41915.0,,,,,41915,,2.2,,"Detection, Localization, Gamma-ray, X-ray, Optical, Spectroscopy, Redshift, Observation"
GRB 250919A,EP250919a,EP/WXT,298.552,-48.8395,0.0055555555555555,41879.0,2025-09-19,02:14:55,41879.0,129.3,,41890.0,,"41893, 41996, 41883, 41885, 41879, 41890",10-1000 keV,1.145,,"Detection, Gamma-ray, X-ray, Optical, Redshift, Observation; Detection, Localization, Gamma-ray, X-ray, Optical, Redshift; Detection, Localization, Gamma-ray, Optical, Spectroscopy, Redshift; Detection, Localization, Gamma-ray, X-ray, Optical, Spectroscopy, Redshift, Upper Limit, Observation; Detection, X-ray, Optical, Observation; Detection, Localization, Gamma-ray, X-ray, Optical, Spectroscopy, Timing, Redshift, Observation"
GRB 250916A,,,,,,41863.0,2025-09-16,,41863.0,,,,L,"41863, 41870, 41892",,2.015,,"Gamma-ray, Optical, Spectroscopy, Redshift, Host Galaxy, Observation; Detection, Gamma-ray, Optical, Redshift, Observation; Detection, Gamma-ray, X-ray, Optical, Redshift, Observation"
GRB 250910A,EP250910a,EP/WXT,39.797,-39.686,0.035,41776.0,2025-09-10,03:16:04,41776.0,,,,,"41776, 42031",,0.592,,"Detection, Localization, X-ray, Spectroscopy, Observation; Detection, Localization, Optical, Infrared, Spectroscopy, Redshift, Host Galaxy, Observation"
GRB 250903A,,,,,,41691.0,2025-09-03,,41691.0,,,,,41691,,<1.62,,"Detection, Gamma-ray, Optical, Spectroscopy, Redshift, Upper Limit, Observation"
GRB 250830B,EP250830a,EP/WXT,105.723,-64.816,0.05,41611.0,2025-08-30,03:57:09,41611.0,,,,,41611,,,,"Detection, Localization, X-ray, Spectroscopy, Observation"
GRB 250818B,,,,,,41419.0,2025-08-18,,41419.0,,,,S,41419,,1.216,,"Detection, Localization, X-ray, Optical, Spectroscopy, Timing, Redshift, Observation"
GRB 250813B,,,,,,41376.0,2025-08-13,,41376.0,24.1,,41376.0,,"41376, 41363",10-1000 keV,1.752,,"Detection, Localization, Gamma-ray, Optical, Spectroscopy, Timing, Redshift, Observation; Detection, Gamma-ray, Optical, Spectroscopy, Redshift, Observation"
GRB 250812A,,,,,,41348.0,2025-08-12,,41348.0,,,,,"41348, 41347",,"2.571, 2.57",,"Detection, Gamma-ray, Optical, Spectroscopy, Redshift, Observation"
GRB 250807B,,,,,,41289.0,2025-08-07,,41289.0,,,,,41289,,1.522,,"Detection, Optical, Spectroscopy, Redshift, Observation"
GRB 250806A,,,,,,41285.0,2025-08-06,,41285.0,,,,,"41285, 41499",,"0.3, 0.367","spectroscopic z= 0.367 (#41499), photometric z = 0.51 +/- 0.09 (#41279)","Detection, Localization, Gamma-ray, Optical, Redshift, Host Galaxy, Upper Limit, Observation; Redshift, Host Galaxy, Observation"
GRB 250725A,,,,,,41170.0,2025-07-25,,41170.0,9.5,,41169.0,,"41170, 41160, 41169",10-1000 keV,5.26,,"Detection, Refined Localization, X-ray, Spectroscopy, Redshift, Observation; Detection, Gamma-ray, Optical, Spectroscopy, Redshift, Host Galaxy, Observation; Detection, Localization, Gamma-ray, X-ray, Spectroscopy, Timing, Redshift, Observation"
GRB 250716A,,,,,,41103.0,2025-07-16,,41103.0,,,,,41103,,0.98,,"Detection, Localization, Gamma-ray, Optical, Redshift, Host Galaxy, Observation"
GRB 250706B,,,,,,41022.0,2025-07-06,,41022.0,,,,,41022,,0.942,,"Detection, Gamma-ray, Optical, Spectroscopy, Redshift, Observation"
GRB 250706A,EP250706a,EP/WXT,284.02,32.329,0.0366666666666666,41005.0,2025-07-06,15:48:25,41005.0,,,,,41005,,,,"Detection, Localization, X-ray, Spectroscopy, Observation"
GRB 250704B,EP250704a,EP/WXT,300.8721,12.023,0.0027777777777777,40956.0,2025-07-04,08:16:27,40956.0,10.0,,40956.0,S,"40966, 40941, 41038, 40956",,0.661,,"Detection, Gamma-ray, X-ray, Optical, Redshift, Observation; Detection, Localization, X-ray, Observation; Detection, Localization, X-ray, Optical, Radio, Timing, Redshift, Observation; Detection, Refined Localization, X-ray, Optical, Spectroscopy, Observation"
GRB 250704A,,,,,,40953.0,2025-07-04,,40953.0,,,,,40953,,1.091,,"Detection, Localization, Gamma-ray, X-ray, Optical, Spectroscopy, Redshift, Upper Limit, Observation"
GRB 250702F,,,,,,40927.0,2025-07-02,22:36:29,40901.0,54.0,,40927.0,,"40927, 40928, 40901",10-1000 keV,1.52,,"Detection, Localization, Gamma-ray, Spectroscopy, Timing, Redshift, Observation; Detection, Refined Localization, X-ray, Spectroscopy, Redshift, Observation; Detection, Gamma-ray, Optical, Redshift, Observation"
GRB 250702B,EP250702a,EP/WXT,284.7,-7.869,0.04,40906.0,2025-07-02,02:53:44,40906.0,,,,,40906,,,,"Detection, Localization, Gamma-ray, X-ray, Spectroscopy, Observation"
GRB 250625A,,,,,,40846.0,2025-06-25,,40846.0,,,,,"40846, 40860",,0.655,,"Detection, Localization, Gamma-ray, X-ray, Optical, Redshift, Host Galaxy, Observation; Detection, Localization, Gamma-ray, Optical, Redshift, Host Galaxy, Observation"
GRB 250617B,,,,,,40776.0,2025-06-17,,40776.0,,,,,40776,,1.396,,"Detection, Gamma-ray, Optical, Redshift, Host Galaxy, Observation"
GRB 250615A,EP250615a,EP/WXT,290.379,4.678,0.03635,40743.0,2025-06-15,22:25:17,40743.0,,,,,40743,,,,"Detection, Localization, X-ray, Spectroscopy, Observation"
GRB 250530A,,,,,,40598.0,2025-05-30,,40598.0,,,,,"40598, 44391, 40582",,1.486,,"Detection, Gamma-ray, X-ray, Optical, Infrared, Spectroscopy, Redshift, Host Galaxy, Observation; Detection, Localization, Optical, Infrared, Spectroscopy, Redshift, Host Galaxy, Observation; Detection, Gamma-ray, X-ray, Optical, Redshift, Upper Limit"
GRB 250515A,,,,,,40480.0,2025-05-15,,40480.0,,,,,40480,,0.18,,"Detection, Localization, Gamma-ray, Optical, Spectroscopy, Redshift, Host Galaxy, Observation"
GRB 250512B,EP250512a,EP/WXT,215.2043,-10.1009,0.0027777777777777,40448.0,2025-05-12,11:20:03,40448.0,360.0,,40448.0,,"44392, 40448, 40437",,1.773,,"Detection, Localization, Gamma-ray, X-ray, Optical, Infrared, Spectroscopy, Redshift, Host Galaxy; Detection, Refined Localization, Gamma-ray, X-ray, Spectroscopy, Timing, Observation; Detection, Localization, X-ray, Observation"
GRB 250506A,,,,,,40360.0,2025-05-06,,40360.0,,,,,40360,,0.46,,"Detection, Localization, Gamma-ray, X-ray, Optical, Redshift, Observation"
GRB 250502A,,,206.52396,-10.75879,0.00125,40336.0,2025-05-02,,40330.0,,,,,"40330, 40337, 40339, 40336, 40334, 40328",,2.163,,"Detection, Localization, Gamma-ray, Optical, Redshift, Observation; Detection, X-ray, Optical, Redshift, Observation; Detection, Localization, Gamma-ray, X-ray, Optical, Spectroscopy, Redshift, Observation; Detection, Gamma-ray, Optical, Redshift, Observation; Detection, Optical, Spectroscopy, Redshift, Observation"
GRB 250430A,EP250430a,EP/WXT,233.399,-18.13,0.0483333333333333,40299.0,2025-04-30,17:31:05.500000,40299.0,,,,L?,"40299, 40301",,0.767,,"Detection, Localization, X-ray, Spectroscopy, Timing, Observation; Detection, Localization, Gamma-ray, Optical, Infrared, Spectroscopy, Redshift, Host Galaxy, Observation"
GRB 250427A,EP250427a,EP/WXT,277.281,7.57,0.0333333333333333,40257.0,2025-04-27,03:38:45,40257.0,180.0,,40257.0,,"40488, 40265, 40267, 40274, 40266, 40268, 40257",,"1.52, 1.519",,"Detection, Localization, X-ray, Optical, Radio, Spectroscopy, Redshift, Host Galaxy, Observation; Detection, Optical, Spectroscopy, Redshift, Observation; Detection, Localization, Gamma-ray, X-ray, Optical, Infrared, Redshift, Observation; Detection, Localization, Refined Localization, Gamma-ray, X-ray, Optical, Spectroscopy, Redshift, Observation; Detection, Localization, Refined Localization, X-ray, Optical, Spectroscopy, Redshift, Observation; Detection, Localization, X-ray, Spectroscopy, Observation"
GRB 250424A,,,,,,40461.0,2025-04-24,,40461.0,,,,,"40461, 40228",,0.31,,"Detection, Optical, Redshift, Host Galaxy, Observation; Detection, Gamma-ray, Optical, Infrared, Redshift, Host Galaxy, Observation"
GRB 250419A,,,,,,40174.0,2025-04-19,,40174.0,,,,L,"40174, 40182, 40183, 40210",,0.845,,"Detection, Localization, Gamma-ray, Optical, Spectroscopy, Redshift, Observation; Detection, Optical, Redshift, Observation; Detection, Localization, Gamma-ray, X-ray, Optical, Redshift, Observation; Detection, Gamma-ray, Optical, Redshift, Observation"
GRB 250416C,EP250416a,EP/WXT,256.402,25.768,0.05,40154.0,2025-04-16,17:53:29,40165.0,,,,,"40219, 40154, 40160, 40165",,"0.963, 0.72",,"Detection, X-ray, Optical, Spectroscopy, Redshift, Host Galaxy, Observation; Detection, Localization, X-ray, Observation; Detection, Localization, X-ray, Optical, Redshift, Observation; Detection, Refined Localization, X-ray, Optical, Spectroscopy, Redshift, Host Galaxy, Observation"
GRB 250407A,,,,,,40175.0,2025-04-07,,40175.0,,,,,40175,,1.36,,"Detection, Localization, Gamma-ray, Optical, Redshift, Host Galaxy, Observation"
GRB 250404A,EP250404a,EP/WXT,125.0601,35.5284,0.0027777777777777,40085.0,2025-04-04,14:19:45,40085.0,16.0,,40085.0,L?,"40071, 40061, 40051, 40084, 41787, 40085",,"2.63, 2.627, 1.88",,"Detection, Localization, Gamma-ray, X-ray, Optical, Redshift, Observation; Detection, Gamma-ray, Optical, Spectroscopy, Redshift; Detection, Localization, X-ray, Observation; Detection, Gamma-ray, X-ray, Optical, Spectroscopy, Redshift, Observation; Spectroscopy, Redshift, Observation; Detection, Localization, Refined Localization, X-ray, Optical, Spectroscopy, Redshift, Observation"
GRB 250403A,,,,,,40162.0,2025-04-03,,40162.0,,,,L,40162,,<2.06,,"Detection, Gamma-ray, Optical, Infrared, Spectroscopy, Redshift, Upper Limit, Observation"
GRB 250402A,,,213.40915,-5.93013,0.0001388888888888,40015.0,2025-04-02,,40015.0,,,,,"40015, 40022",,2.823,,"Detection, Localization, Gamma-ray, Optical, Redshift; Detection, Gamma-ray, Optical, Spectroscopy, Redshift, Observation"
GRB 250329A,,,,,,40010.0,2025-03-29,,40010.0,,,,,"40010, 39918",,"2.9, 2.921",,"Detection, Localization, X-ray, Optical, Infrared, Redshift, Upper Limit; Detection, Gamma-ray, Optical, Redshift, Observation"
GRB 250328A,,,,,,44399.0,2025-03-28,,44399.0,,,,,44399,,1.25,,"Detection, Localization, Optical, Infrared, Redshift, Host Galaxy, Observation"
GRB 250327B,,,176.7789,29.83953,0.0009722222222222,39895.0,2025-03-27,,39893.0,,,,,"39893, 39905, 39895",,"3.035, 3.038",,"Detection, Optical, Spectroscopy, Redshift, Observation; Detection, Gamma-ray, Optical, Spectroscopy, Redshift, Observation; Detection, Localization, Gamma-ray, X-ray, Optical, Spectroscopy, Redshift, Observation"
GRB 250322A,,,,,,39859.0,2025-03-22,22:07:00,40036.0,,,,S,"39859, 39852, 40036",,"0.4215, 0.42",,"Localization, X-ray, Infrared, Redshift, Host Galaxy, Observation; Detection, Localization, X-ray, Timing, Redshift, Host Galaxy, Observation; Detection, Localization, X-ray, Optical, Radio, Redshift, Host Galaxy, Observation"
GRB 250317B,,,,,,39769.0,2025-03-17,00:16:22,39769.0,,,,,39769,,3.44,,"Detection, Optical, Spectroscopy, Redshift, Observation"
GRB 250314A,,,201.30136,-5.16436,3.5,39734.0,2025-03-14,02:55:00,40012.0,,,,,"40553, 40012, 39779, 39732, 40134, 39734, 39954",,"7.27, 7.3, 7.21",,"Detection, Localization, Gamma-ray, Infrared, Redshift, Host Galaxy, Upper Limit, Observation; Detection, Localization, Gamma-ray, Optical, Radio, Redshift, Observation; Localization, Optical, Radio, Redshift; Detection, Gamma-ray, Optical, Infrared, Redshift, Host Galaxy, Observation; Localization, Radio, Redshift, Upper Limit, Observation; Detection, Localization, Gamma-ray, X-ray, Optical, Redshift, Observation; Detection, Localization, Gamma-ray, Optical, Radio, Redshift"
GRB 250311A,EP250311a,EP/WXT,224.691,-2.85,0.0466666666666666,39664.0,2025-03-11,01:55:13,39664.0,150.0,,39664.0,,39664,,,,"Detection, Localization, X-ray, Spectroscopy, Observation"
GRB 250309B,,,210.80129,-8.50302,0.0008333333333333,39649.0,2025-03-09,03:28:33.011000,39647.0,,,,,"39649, 39648, 39647",,1.898,,"Detection, Localization, Refined Localization, Gamma-ray, X-ray, Optical, Spectroscopy, Redshift, Observation; Detection, Localization, Refined Localization, Gamma-ray, Optical, Spectroscopy, Timing, Redshift, Upper Limit, Observation; Gamma-ray, Optical, Spectroscopy, Redshift, Observation"
GRB 250226A,EP250226a,EP/WXT,224.2641,20.9754,0.0027777777777777,39513.0,2025-02-26,06:34:54,39513.0,22.0,,39513.0,"L?, L","39513, 39487, 39482, 39524, 39530",10-1000 keV,3.315,,"Detection, Refined Localization, Gamma-ray, X-ray, Optical, Spectroscopy, Redshift, Observation; Detection, Gamma-ray, Optical, Redshift, Observation; Detection, Localization, X-ray, Observation; Detection, Gamma-ray, X-ray, Optical, Timing, Redshift, Observation; Detection, Localization, Gamma-ray, X-ray, Optical, Spectroscopy, Timing, Redshift, Observation"
GRB 250225B,,,,,,40024.0,2025-02-25,,40024.0,,,,,40024,,0.95,,"Detection, Localization, Optical, Infrared, Timing, Redshift, Host Galaxy, Observation"
GRB 250221A,,,,,,39413.0,2025-02-21,,39413.0,,,,,"39413, 39418",,"0.34, 0.768",,"Detection, Localization, Optical, Redshift, Observation; Detection, Localization, Optical, Infrared, Redshift, Observation"
GRB 250215A,EP250215a,EP/WXT,156.343,-27.704,0.0483333333333333,39329.0,2025-02-15,02:32:03,39329.0,,,,"L, L?","39348, 39344, 39343, 39333, 39329, 39366, 39345",,4.61,,"Detection, Gamma-ray, X-ray, Optical, Redshift, Observation; Detection, Localization, Gamma-ray, Optical, Redshift, Upper Limit, Observation; Detection, Gamma-ray, X-ray, Optical, Spectroscopy, Redshift; Detection, Localization, Gamma-ray, Optical, Redshift, Observation; Detection, Localization, X-ray, Observation; Detection, X-ray, Optical, Timing, Redshift, Observation; Detection, X-ray, Optical, Redshift, Upper Limit"
GRB 250207A,,,,,0.42,39199.0,2025-02-07,,39199.0,,,,,39199,,,,"Detection, Localization, Gamma-ray, Optical, Redshift"
GRB 250205A,EP250205a,EP/WXT,113.5107,32.3718,0.0416666666666666,39165.0,2025-02-05,21:31:28,39165.0,105.0,,39171.0,,"39165, 39160, 39171",10-1000 keV,3.55,,"Detection, Localization, Gamma-ray, X-ray, Spectroscopy, Redshift, Observation; Detection, Optical, Spectroscopy, Redshift, Observation; Detection, Localization, Gamma-ray, X-ray, Spectroscopy, Timing, Redshift, Observation"
GRB 250129A,,,,,0.43,39085.0,2025-01-29,,39085.0,,,,,"39085, 39071, 39073, 39089, 39078",,"2.15, 2.151",,"Detection, Localization, Gamma-ray, X-ray, Optical, Redshift; Detection, Optical, Redshift, Observation; Detection, Localization, Optical, Redshift, Observation; Detection, Refined Localization, Gamma-ray, X-ray, Spectroscopy, Redshift, Observation; Detection, Optical, Spectroscopy, Redshift, Observation"
GRB 250114A,,,,,,38945.0,2025-01-14,,38945.0,,,,,"38945, 38934, 38943",,4.732,,"Detection, Refined Localization, Gamma-ray, X-ray, Spectroscopy, Redshift, Observation; Detection, Optical, Redshift, Observation; Detection, Localization, Gamma-ray, X-ray, Optical, Redshift, Observation"
GRB 250108B,,,,,,38877.0,2025-01-08,,38877.0,,,,,"38877, 38855",,"0.2, 0.29",,"Detection, Localization, Optical, Spectroscopy, Redshift, Observation; Detection, Localization, X-ray, Optical, Redshift, Host Galaxy, Observation"
GRB 250103B,,,,,0.4,38820.0,2025-01-03,,38820.0,,,,,38820,,1.416,,"Detection, Localization, Optical, Redshift, Host Galaxy, Observation"
GRB 250103A,,,,,,38814.0,2025-01-03,,38814.0,,,,,38814,,4.01,,"Detection, Gamma-ray, Optical, Spectroscopy, Redshift"
GRB 250101A,,,,,,38773.0,2025-01-01,,38773.0,,,,,"38773, 38810, 38775, 38759, 38776, 38769",,"2.49, 2.481",,"Detection, Refined Localization, Gamma-ray, X-ray, Spectroscopy, Redshift, Observation; Detection, Localization, Gamma-ray, Optical, Redshift, Observation; Detection, Localization, Gamma-ray, X-ray, Optical, Redshift; Detection, Gamma-ray, Optical, Spectroscopy, Redshift; Detection, Optical, Spectroscopy, Redshift, Observation"
GRB 241228B,,,,,,38704.0,2024-12-28,,38704.0,19.5,,38714.0,,"38704, 38714",10-1000 keV,2.674,,"Detection, Gamma-ray, Optical, Redshift, Host Galaxy, Observation; Detection, Localization, Gamma-ray, Optical, Spectroscopy, Timing, Redshift, Observation"
GRB 241217A,EP241217b,EP/WXT,84.1499,-25.3003,0.0466666666666666,38606.0,2024-12-17,16:58:04.349000,38606.0,,,,,"38637, 38606",,1.879,,"Detection, Optical, Infrared, Redshift, Host Galaxy, Observation; Detection, Localization, X-ray, Optical, Spectroscopy, Redshift, Observation"
GRB 241209B,,,,,,38646.0,2024-12-09,,38646.0,,,,L,38646,,0.173?0.575?3.831?,it is difficult to provide a secure redshift,"Detection, Optical, Spectroscopy, Redshift, Host Galaxy, Observation"
GRB 241209A,,,,,,38535.0,2024-12-09,,38535.0,0.1,,38502.0,S,"38535, 38484, 38502, 38538, 38487",10-1000 keV,"0.78, 1.49",,"Localization, Refined Localization, X-ray, Infrared, Spectroscopy, Redshift, Host Galaxy, Observation; Detection, Localization, Gamma-ray, X-ray, Optical, Redshift, Host Galaxy, Observation; Detection, Localization, Gamma-ray, X-ray, Optical, Spectroscopy, Timing, Redshift, Observation; Detection, Localization, X-ray, Infrared, Redshift, Observation; Detection, Localization, Gamma-ray, X-ray, Optical, Infrared, Spectroscopy, Redshift, Observation"
GRB 241120A,,,,,0.2,38291.0,2024-11-20,,38291.0,,,,,38291,,0.36,,"Detection, Localization, Gamma-ray, Optical, Redshift, Observation"
GRB 241113B,EP241113b,EP/WXT,110.233,46.8,0.0416666666666666,38214.0,2024-11-13,11:22:50,38214.0,,,,,38214,,,,"Detection, Localization, Gamma-ray, X-ray, Spectroscopy, Observation"
GRB 241105A,,,,,,38097.0,2024-11-05,,38097.0,1.4,,38104.0,L,"38097, 38654, 38167, 38104",10-1000 keV,"2.681, 2.702",,"Detection, Refined Localization, Gamma-ray, Optical, Spectroscopy, Redshift, Observation; Detection, Localization, Gamma-ray, Optical, Redshift, Host Galaxy, Observation; Refined Localization, Gamma-ray, Optical, Spectroscopy, Redshift; Detection, Localization, Gamma-ray, X-ray, Optical, Spectroscopy, Timing, Redshift, Observation"
GRB 241104A,EP241104a,EP/WXT,32.574,31.555,0.045,38081.0,2024-11-04,18:30:15,38081.0,,,,,38081,0.5-4 keV,,,"Detection, Localization, Gamma-ray, X-ray, Spectroscopy, Observation"
GRB 241030B,,,,,,37995.0,2024-10-30,,37995.0,,,,,"37995, 38004",,">3.3, 2.82",,"Detection, Gamma-ray, Optical, Spectroscopy, Redshift, Upper Limit, Observation; Detection, Gamma-ray, Optical, Spectroscopy, Redshift, Observation"
GRB 241030A,EP241030a,EP/WXT,343.013,80.449,0.04,37997.0,2024-10-30,06:33:18,37997.0,,,,,"37997, 38035, 38027, 37988, 37959, 38041",,"1.41, 1.4, 1.411",,"Detection, Localization, Gamma-ray, X-ray, Optical, Spectroscopy, Observation; Detection, Optical, Redshift; Detection, Gamma-ray, Optical, Spectroscopy, Redshift, Observation; Detection, Refined Localization, Gamma-ray, X-ray, Spectroscopy, Redshift, Observation; Detection, Optical, Spectroscopy, Redshift, Host Galaxy, Observation; Detection, Gamma-ray, Optical, Redshift, Observation"
GRB 241029A,,,,,,37950.0,2024-10-29,21:32:51,37950.0,,,,,"37950, 37948",,1.072,,"Detection, Gamma-ray, Optical, Spectroscopy, Redshift, Observation; Gamma-ray, Spectroscopy, Redshift, Upper Limit"
GRB 241026A,EP241026a,EP/WXT,293.4008,57.9857,0.0027777777777777,37909.0,2024-10-26,22:41:28,37909.0,150.0,,37909.0,,"37928, 37909, 37925, 37918, 37916",,"2.79, 2.791",,"Detection, Gamma-ray, Optical, Redshift; Detection, Localization, Gamma-ray, X-ray, Spectroscopy, Observation; Detection, Optical, Redshift, Observation; Detection, Localization, Gamma-ray, X-ray, Optical, Redshift, Observation; Gamma-ray, Optical, Spectroscopy, Redshift, Observation"
GRB 241025A,EP241025a,EP/WXT,333.6408,83.5772,0.0027777777777777,37864.0,2024-10-25,01:36:45,37864.0,,,,,"37864, 37866, 37888",,4.2,,"Detection, Localization, Gamma-ray, X-ray, Spectroscopy, Observation; Detection, Gamma-ray, Optical, Spectroscopy, Redshift, Observation; Detection, Refined Localization, Gamma-ray, X-ray, Spectroscopy, Redshift, Observation"
GRB 241010A,,,,,,38080.0,2024-10-10,,38080.0,,,,,38080,,0.977,,"Optical, Redshift, Host Galaxy"
GRB 241001A,,,,,,37677.0,2024-10-01,,37677.0,8.0,,37713.0,,"37677, 37713, 37867",5-20 keV,"0.5727, 0.573, 0.57",,"Detection, Gamma-ray, Optical, Redshift, Host Galaxy, Observation; Detection, Gamma-ray, X-ray, Spectroscopy, Timing, Redshift; Detection, Gamma-ray, Optical, Spectroscopy, Timing, Redshift, Observation"
GRB 240930B,EP240930a,EP/WXT,319.899,41.303,0.035,37648.0,2024-09-30,17:17:50,37648.0,200.0,,37648.0,,37648,,,,"Detection, Localization, Gamma-ray, X-ray, Spectroscopy, Observation"
GRB 240916A,,,,,,37532.0,2024-09-16,,37532.0,32.0,,37535.0,,"37532, 37535",10-1000 keV,2.61,,"Detection, Gamma-ray, Optical, Redshift, Host Galaxy, Observation; Detection, Localization, Gamma-ray, X-ray, Optical, Spectroscopy, Timing, Redshift, Observation"
GRB 240912A,,,,,,37479.0,2024-09-12,05:20:43,37471.0,,,,,"37479, 37469, 37476, 37471",,"1.234, 1.23",,"Detection, Refined Localization, Gamma-ray, X-ray, Spectroscopy, Redshift, Observation; Gamma-ray, Optical, Spectroscopy, Redshift, Observation; Detection, Localization, Gamma-ray, X-ray, Optical, Spectroscopy, Redshift, Host Galaxy, Observation; Detection, Gamma-ray, Optical, Spectroscopy, Redshift"
GRB 240910A,,,,,,37467.0,2024-09-10,03:39:07,37467.0,,,,L,37467,,1.46,,"Detection, Optical, Spectroscopy, Redshift, Observation"
GRB 240825A,,,,,,37536.0,2024-08-25,,37536.0,4.0,,37536.0,L,"37536, 37310, 37293, 37367, 37294",,"0.659, 0.66",,"Detection, X-ray, Optical, Spectroscopy, Timing, Redshift; Gamma-ray, Optical, Spectroscopy, Redshift, Observation; Detection, Gamma-ray, Optical, Redshift, Host Galaxy, Observation; Gamma-ray, Optical, Redshift, Upper Limit, Observation; Detection, Refined Localization, Gamma-ray, X-ray, Spectroscopy, Redshift, Observation"
GRB 240821A,,,,,,37319.0,2024-08-21,,37319.0,,,,S,"37319, 37731, 37369, 37931",,"0.488, 0.238, 1.18?0.62?0.24?","z = 0.238 (#37731), not ambiguous z from #37369 and #37319","Detection, Localization, X-ray, Optical, Redshift, Host Galaxy, Observation; Detection, Redshift, Host Galaxy, Observation; Detection, Optical, Spectroscopy, Redshift, Host Galaxy, Upper Limit, Observation; Detection, Optical, Spectroscopy, Redshift, Host Galaxy, Observation"
GRB 240809A,,,,,,37122.0,2024-08-09,,37122.0,,,,,"37122, 37129",,"1.495, 1.494",,"Detection, Optical, Spectroscopy, Redshift, Observation; Detection, Optical, Redshift, Host Galaxy, Observation"
,EP260703a,EP/WXT,274.7265,-62.6004,0.045,45070.0,2026-07-03,03:13:57,45070.0,50.0,,45070.0,,45070,,,,"Detection, Localization, X-ray, Spectroscopy, Observation"
,EP260628b,EP/WXT,327.606,-29.324,0.0433333333333333,45069.0,2026-06-28,10:04:53,45069.0,1000.0,,45069.0,,45069,,,,"Detection, Localization, X-ray, Spectroscopy, Observation"
,EP260628a,EP/WXT,312.9884,-34.3748,0.0466666666666666,45054.0,2026-06-28,17:08:08,45054.0,30.0,,45054.0,,45054,,,,"Detection, Localization, X-ray, Spectroscopy, Observation"
,EP260626a,EP/WXT,277.4417,21.2403,0.045,45047.0,2026-06-26,05:25:04,45047.0,,,,,45047,,,,"Detection, Localization, X-ray, Spectroscopy, Observation"
,EP260623a,EP/WXT,328.2698,12.7938,0.0027777777777777,45035.0,2026-06-23,02:52:27,45035.0,103.0,,45035.0,,"45022, 45020, 45024, 45035, 45027",,"0.703, <3",,"Detection, Optical, Redshift, Observation; Detection, Localization, X-ray, Observation; Detection, Localization, Optical, Redshift, Observation; Detection, Refined Localization, X-ray, Optical, Spectroscopy, Redshift, Observation"
,EP260610b,EP/WXT,267.6268,46.5388,0.0027777777777777,44912.0,2026-06-10,12:44:25,44912.0,230.0,,44912.0,,"44915, 44912, 44895",,<2.1,,"Detection, X-ray, Optical, Redshift, Upper Limit, Observation; Detection, Refined Localization, X-ray, Spectroscopy, Observation; Detection, Localization, X-ray, Observation"
,EP260610a,EP/WXT,306.1022,-25.9045,0.0027777777777777,44908.0,2026-06-10,04:41:46,44908.0,450.0,,44908.0,,"44908, 44889",,,,"Detection, Refined Localization, X-ray, Optical, Spectroscopy, Observation; Detection, Localization, X-ray, Observation"
,EP260605a,EP/WXT,273.36,-40.392,0.0533333333333333,44847.0,2026-06-05,09:31:00,44847.0,,,,,44847,,,,"Detection, Localization, X-ray, Spectroscopy, Timing, Observation"
,EP260603a,EP/WXT,229.721,-26.94,0.0466666666666666,44814.0,2026-06-03,17:51:12,44814.0,350.0,,44814.0,,44814,,,,"Detection, Localization, X-ray, Spectroscopy, Observation"
,EP260602d,EP/WXT,267.958,18.173,0.0383333333333333,44796.0,2026-06-02,21:13:25,44796.0,200.0,,44796.0,,44796,,,,"Detection, Localization, X-ray, Spectroscopy, Observation"
,EP260602c,EP/WXT,134.673,-75.673,0.0383333333333333,44792.0,2026-06-02,09:06:44,44792.0,200.0,,44792.0,,44792,,,,"Detection, Localization, X-ray, Spectroscopy, Observation"
,EP260602b,EP/WXT,273.487,7.595,0.05,44786.0,2026-06-02,17:53:12,44786.0,60.0,,44786.0,,44786,,,,"Detection, Localization, Refined Localization, X-ray, Optical, Spectroscopy, Observation"
,EP260602a,EP/WXT,240.886,50.563,0.05,44770.0,2026-06-02,08:11:20,44770.0,,,,,44770,,,,"Detection, Localization, X-ray, Spectroscopy, Observation"
,EP260530a,EP/WXT,186.11,28.784,0.045000000000000005,,2026-05-30,07:29:02,,,,,,,,,,
,EP260526a,EP/WXT,236.063,-23.771,0.04,44712.0,2026-05-26,09:43:34,44712.0,140.0,,44712.0,,44712,,,,"Detection, Localization, X-ray, Spectroscopy, Observation"
,EP260518a,EP/WXT,299.034,-48.618,0.0027777777777777,44690.0,2026-05-18,13:44:21,44690.0,,,,,"44695, 44690",,<2.75,,"Detection, Optical, Spectroscopy, Redshift, Upper Limit, Observation; Detection, Localization, X-ray, Optical, Spectroscopy, Observation"
,EP260514a,EP/WXT,214.2955,49.3733,0.0027777777777777,44641.0,2026-05-14,16:56:06,44613.0,500.0,,44613.0,,"44641, 44613",,,,"Detection, Refined Localization, X-ray, Optical, Spectroscopy, Observation; Detection, Localization, X-ray, Observation"
,EP260512a,EP/WXT,223.899,28.432,0.0433333333333333,44594.0,2026-05-12,08:31:32,44594.0,200.0,,44594.0,,44594,,,,"Detection, Localization, X-ray, Timing, Observation"
,EP260509a,EP/WXT,239.4813,-18.4328,0.0463333333333333,44517.0,2026-05-09,13:44:02,44517.0,,,,,44517,,,,"Detection, Localization, X-ray, Spectroscopy, Timing, Observation"
,EP260507a,EP/WXT,206.899,-22.2364,0.0027777777777777,44500.0,2026-05-07,13:47:44,44500.0,15.0,,44500.0,,"44500, 44488",,,,"Detection, Refined Localization, X-ray, Spectroscopy, Timing, Observation; Detection, Localization, X-ray, Observation"
,EP260502a,EP/WXT,272.19,-76.244,0.05,44440.0,2026-05-02,06:08:51,44440.0,,,,,44440,,,,"Detection, Localization, X-ray, Observation"
,EP260430a,EP/WXT,178.3355,-10.2146,0.0027777777777777,44436.0,2026-04-30,02:32:47,44427.0,,,,,"44427, 44436",,,,"Detection, X-ray, Observation; Detection, Refined Localization, X-ray, Optical, Spectroscopy, Observation"
,EP260429a,EP/WXT,240.629,-9.588,0.0316666666666666,44426.0,2026-04-29,14:41:11,44426.0,250.0,,44426.0,,44426,,,,"Detection, Localization, X-ray, Spectroscopy, Timing, Observation"
,EP260417b,EP/WXT,151.114,51.964,0.05,44323.0,2026-04-17,01:21:04,44323.0,230.0,,44323.0,,44323,,,,"Detection, Localization, X-ray, Observation"
,EP260416a,EP/WXT,198.8351,31.5972,0.0027777777777777,44324.0,2026-04-16,05:25:24,44324.0,250.0,,44324.0,,"44336, 44319, 44419, 44398, 44307, 44339, 44324",,"1.909, <2.5, 1.91",,"Optical, Redshift, Observation; Detection, Optical, Redshift, Observation; Detection, X-ray, Optical, Redshift, Upper Limit, Observation; Detection, X-ray, Optical, Redshift, Observation; Detection, Localization, X-ray, Observation; Detection, Optical, Spectroscopy, Redshift, Observation; Detection, Refined Localization, X-ray, Optical, Spectroscopy, Observation"
,EP260409a,EP/WXT,172.9096,-9.3457,0.0027777777777777,44251.0,2026-04-09,00:16:43,44251.0,100.0,,44251.0,,"44240, 44251",,,,"Detection, Localization, X-ray, Observation; Detection, Refined Localization, X-ray, Optical, Spectroscopy, Observation"
,EP260405a,EP/WXT,184.423,-20.156,0.05,44222.0,2026-04-05,03:46:27,44222.0,150.0,,44222.0,,44222,,,,"Detection, Localization, X-ray, Spectroscopy, Timing, Upper Limit, Observation"
,EP260403a,EP/WXT,219.1556,-25.5045,0.0027777777777777,44214.0,2026-04-03,10:27:45,44214.0,50.0,,44214.0,,"44214, 44204",0.5-4 keV,,,"Detection, Localization, Refined Localization, X-ray, Optical, Spectroscopy, Observation; Detection, Localization, X-ray, Observation"
,EP260329b,EP/WXT,181.3131,4.3505,0.0027777777777777,44155.0,2026-03-29,10:35:25,44155.0,35.0,,44155.0,,"44142, 44155",,,,"Detection, Localization, X-ray, Optical, Observation; Detection, Refined Localization, X-ray, Optical, Spectroscopy, Observation"
,EP260329a,EP/WXT,5.459,82.513,0.0533333333333333,44141.0,2026-03-29,03:30:40,44141.0,,,,,44141,,,,"Detection, Localization, X-ray, Spectroscopy, Observation"
,EP260327a,EP/WXT,215.3694,42.1379,0.0027777777777777,44136.0,2026-03-27,05:54:41,44136.0,100.0,,44136.0,,"44136, 44126",,,,"Detection, Refined Localization, X-ray, Optical, Spectroscopy, Observation; Detection, Localization, X-ray, Observation"
,EP260321a,EP/WXT,149.9287,0.4177,0.0027777777777777,44075.0,2026-03-21,12:23:07,44075.0,432.0,,44075.0,,"44082, 44068, 44092, 44087, 44107, 44070, 44089, 44075, 44295",,"0.0343, 0.0344, 0.034, 0.0345",,"Detection, Refined Localization, X-ray, Optical, Spectroscopy, Redshift, Observation; Detection, Localization, X-ray, Observation; Detection, X-ray, Spectroscopy, Redshift, Observation; Detection, X-ray, Optical, Spectroscopy, Redshift, Upper Limit, Observation; Detection, Optical, Spectroscopy, Redshift, Observation; Detection, Localization, X-ray, Optical, Redshift, Upper Limit, Observation; Detection, Localization, Refined Localization, X-ray, Optical, Redshift, Host Galaxy, Observation; Detection, X-ray, Optical, Infrared, Redshift, Observation"
,EP260316a,EP/WXT,226.9819,27.4455,0.0027777777777777,44034.0,2026-03-16,12:32:52,44034.0,22.0,,44034.0,,44034,,,,"Detection, Localization, Refined Localization, Gamma-ray, X-ray, Spectroscopy, Observation"
,EP260314a,EP/WXT,211.8426,-23.4577,0.0027777777777777,44016.0,2026-03-14,22:51:20,44016.0,16.0,,44016.0,,"44010, 44016",,,,"Detection, Localization, X-ray, Observation; Detection, Localization, Refined Localization, X-ray, Optical, Spectroscopy, Observation"
,EP260306a,EP/WXT,145.9497,15.6942,0.0027777777777777,43937.0,2026-03-06,01:28:20,43937.0,60.0,,43937.0,,"43937, 43934, 43930",,"0.0, 4.773",,"Detection, Localization, Refined Localization, X-ray, Optical, Spectroscopy, Redshift, Host Galaxy, Observation; Detection, X-ray, Optical, Spectroscopy, Redshift, Observation; Detection, Localization, X-ray, Optical, Observation"
,EP260302a,EP/WXT,133.015,-66.007,0.05,43899.0,2026-03-02,23:39:22,43899.0,,,,,"43932, 43899",,<2.67,,"Detection, X-ray, Optical, Redshift, Upper Limit, Observation; Detection, Localization, X-ray, Observation"
,EP260227a,EP/WXT,223.101,-11.408,0.0431,43869.0,2026-02-27,20:07:52,43869.0,250.0,,43869.0,,"43869, 43876",,2.714,,"Detection, Localization, Refined Localization, X-ray, Optical, Spectroscopy, Observation; Detection, Optical, Spectroscopy, Redshift, Observation"
,EP260224a,EP/WXT,175.2,-41.415,0.05,43828.0,2026-02-24,17:03:42,43828.0,,,,,43828,,,,"Detection, Localization, X-ray, Observation"
,EP260223a,EP/WXT,92.774,56.577,0.045,43817.0,2026-02-23,11:20:27,43817.0,130.0,,43817.0,,43817,,,,"Detection, Localization, X-ray, Spectroscopy, Observation"
,EP260221a,EP/WXT,178.749,-20.978,0.05,43791.0,2026-02-21,11:39:48,43791.0,550.0,,43791.0,,43791,,,,"Detection, Localization, X-ray, Observation"
,EP260214b,EP/WXT,191.26,23.857,0.05,43744.0,2026-02-14,22:03:34,43744.0,50.0,,43744.0,,"43752, 43745, 43744, 43760, 43749, 43775, 43750",,"1.208, 1.04",,"Detection, Optical, Redshift, Observation; Detection, Localization, X-ray, Optical, Redshift, Host Galaxy, Observation; Detection, Localization, X-ray, Spectroscopy, Observation; Detection, X-ray, Optical, Spectroscopy, Redshift, Observation; Detection, Optical, Spectroscopy, Redshift, Host Galaxy, Observation; Detection, X-ray, Optical, Redshift, Observation"
,EP260214a,EP/WXT,201.25,-29.04,0.05,43742.0,2026-02-14,20:37:00,43742.0,60.0,,43742.0,,"43845, 43742",,0.18,,"Detection, Localization, X-ray, Radio, Redshift, Observation; Detection, Localization, X-ray, Observation"
,EP260213a,EP/WXT,167.008,3.965,0.05,43729.0,2026-02-13,19:58:00,43729.0,40.0,,43729.0,,43729,,,,"Detection, Localization, X-ray, Spectroscopy, Observation"
,EP260210a,EP/WXT,169.84,45.408,0.05,43681.0,2026-02-10,10:23:01,43681.0,,,,,43681,,,,"Detection, Localization, X-ray, Observation"
,EP260209a,EP/WXT,159.683,28.312,0.05,43693.0,2026-02-09,13:44:06,43693.0,,,,,43693,,,,"Detection, Localization, X-ray, Observation"
,EP260131a,EP/WXT,149.9017,-3.3074,0.0027777777777777,43583.0,2026-01-31,03:28:00.150000,43583.0,340.0,,43583.0,,"43626, 43574, 43582, 43583",,"0.937, <1.54",,"Detection, Localization, Optical, Radio, Redshift, Observation; Detection, Localization, X-ray, Observation; Detection, Optical, Spectroscopy, Redshift, Upper Limit, Observation; Detection, Localization, Refined Localization, X-ray, Optical, Spectroscopy, Observation"
,EP260128a,EP/WXT,128.3253,-10.275,0.0027777777777777,43554.0,2026-01-28,23:38:19,43554.0,100.0,,43554.0,,"43555, 43554, 43549",,>5,,"Detection, Localization, Optical, Infrared, Redshift, Upper Limit, Observation; Detection, Localization, Refined Localization, X-ray, Spectroscopy, Observation; Detection, Localization, X-ray, Observation"
,EP260126a,EP/WXT,103.737,37.699,0.035,43520.0,2026-01-26,04:25:01,43520.0,1400.0,,43520.0,,43520,0.5-4 keV,,,"Detection, Localization, X-ray, Spectroscopy, Observation"
,EP260119a,EP/WXT,158.082,65.505,0.0383333333333333,43447.0,2026-01-19,00:13:48,43447.0,,,,,"43455, 43469, 43447",0.5-4 keV,"5.62, 5.47",,"Detection, Optical, Redshift, Observation; Detection, X-ray, Optical, Spectroscopy, Redshift, Observation; Detection, Localization, X-ray, Spectroscopy, Observation"
,EP260116a,EP/WXT,113.768,6.329,0.05,43424.0,2026-01-16,00:08:51,43424.0,,,,,43424,,,,"Detection, Localization, X-ray, Spectroscopy, Observation"
,EP260110a,EP/WXT,199.4321,65.849,0.0027777777777777,43367.0,2026-01-10,11:56:58,43367.0,85.0,,43367.0,,"43363, 43367",,,,"Detection, Localization, X-ray, Observation; Detection, Localization, Refined Localization, X-ray, Optical, Spectroscopy, Observation"
,EP260105b,EP/WXT,158.387,17.616,0.05,43349.0,2026-01-05,18:47:36,43349.0,,,,,43349,,,,"Detection, Localization, Refined Localization, X-ray, Spectroscopy, Observation"
,EP260105a,EP/WXT,181.0148,22.7092,0.0027777777777777,43333.0,2026-01-05,05:46:19,43333.0,100.0,,43333.0,,"43333, 43327",,,,"Detection, Localization, Refined Localization, X-ray, Optical, Spectroscopy, Observation; Detection, Localization, X-ray, Observation"
,EP260104a,EP/WXT,178.535,16.491,0.0466666666666666,43330.0,2026-01-04,10:25:44,43330.0,,,,,43330,,,,"Detection, Localization, X-ray, Spectroscopy, Observation"
,EP260101a,EP/WXT,46.0631,39.4376,0.0027777777777777,43296.0,2026-01-01,06:31:46,43296.0,200.0,,43296.0,,"43296, 43288",,,,"Detection, Localization, Refined Localization, X-ray, Spectroscopy, Observation; Detection, Localization, X-ray, Observation"
,EP251229a,EP/WXT,124.1027,37.2068,0.0027777777777777,43264.0,2025-12-29,19:54:09,43264.0,173.0,,43264.0,,"43253, 43264",,,,"Detection, Localization, X-ray, Observation; Detection, Refined Localization, X-ray, Optical, Spectroscopy, Observation"
,EP251222a,EP/WXT,62.5014,-1.4795,0.0027777777777777,43216.0,2025-12-22,14:59:14,43216.0,,,,,"43235, 43200, 43227, 43216",,0.505,,"Detection, X-ray, Optical, Redshift, Upper Limit, Observation; Detection, Localization, X-ray, Observation; Detection, Optical, Spectroscopy, Redshift, Host Galaxy, Observation; Detection, Refined Localization, X-ray, Spectroscopy, Observation"
,EP251221a,EP/WXT,104.531,23.374,0.05,43178.0,2025-12-21,21:39:06,43178.0,100.0,,43178.0,,43178,,,,"Detection, Localization, X-ray, Spectroscopy, Observation"
,EP251220a,EP/WXT,17.322,19.08,0.0366666666666666,43162.0,2025-12-20,08:26:43,43162.0,,,,,"43170, 43162, 43184",,"<3.4, 2.375",,"Detection, X-ray, Optical, Redshift, Upper Limit, Observation; Detection, Localization, X-ray, Spectroscopy, Observation; Detection, Optical, Spectroscopy, Redshift, Upper Limit, Observation"
,EP251214b,EP/WXT,144.358,-22.884,0.0366666666666666,43125.0,2025-12-14,07:19:13.900000,43125.0,,,,,"43125, 43126",,,,"Detection, Localization, X-ray, Spectroscopy, Observation"
,EP251212a,EP/WXT,134.041,-23.279,0.04,43076.0,2025-12-12,06:12:52,43076.0,100.0,,43076.0,,43076,,,,"Detection, Localization, X-ray, Spectroscopy, Observation"
,EP251130a,EP/WXT,101.021,27.384,0.0027777777777777,42915.0,2025-11-30,11:04:00,42915.0,230.0,,42915.0,,"42918, 42969, 42915, 42963, 42903",,4.035,,"Detection, Optical, Spectroscopy, Redshift, Observation; Detection, X-ray, Optical, Redshift, Observation; Detection, Localization, Refined Localization, X-ray, Optical, Spectroscopy, Observation; Detection, Localization, X-ray, Observation"
,EP251124b,EP/WXT,93.493,52.694,0.0433333333333333,42834.0,2025-11-24,17:23:02,42834.0,,,,,42834,,,,"Detection, Localization, X-ray, Spectroscopy, Observation"
,EP251124a,EP/WXT,43.732,41.577,0.05,42816.0,2025-11-24,11:10:05,42816.0,,,,,42816,,,,"Detection, Localization, X-ray, Observation"
,EP251102a,EP/WXT,113.14,7.322,0.04,42548.0,2025-11-02,21:22:22,42548.0,400.0,,42548.0,,42548,,,,"Detection, Localization, X-ray, Optical, Spectroscopy, Observation"
,EP251023a,EP/WXT,127.151,20.871,0.05,42388.0,2025-10-23,02:31:09,42388.0,,,,,"42388, 42398, 42406",,2.232,,"Detection, Localization, X-ray, Optical, Observation; Detection, X-ray, Optical, Spectroscopy, Redshift, Observation; Detection, X-ray, Optical, Redshift, Observation"
,EP251021b,EP/WXT,306.742,-38.286,0.0383333333333333,42377.0,2025-10-21,14:28:05,42377.0,30.0,,42377.0,,42377,,,,"Detection, Localization, X-ray, Observation"
,EP251003a,EP/WXT,56.934,-10.929,0.0424833333333333,42107.0,2025-10-03,18:11:50,42107.0,,,,,42107,,,,"Detection, Localization, X-ray, Spectroscopy, Observation"
,EP250916a,EP/WXT,268.279,-35.317,0.04,41841.0,2025-09-16,03:33:13,41841.0,,,,,41841,,,,"Detection, Localization, X-ray, Spectroscopy, Observation"
,EP250911a,EP/WXT,357.5194,29.2999,0.0027777777777777,41809.0,2025-09-11,08:57:55,41809.0,34.0,,41809.0,,"41811, 41788, 41809",,3.84,,"Detection, Optical, Spectroscopy, Redshift, Observation; Detection, Localization, X-ray, Observation; Detection, Refined Localization, X-ray, Optical, Spectroscopy, Observation"
,EP250908c,EP/WXT,8.2167,-50.4612,0.0027777777777777,41763.0,2025-09-08,23:49:53,41763.0,62.0,,41763.0,,"41754, 41763, 41816",,2.87,,"Detection, Localization, X-ray, Observation; Detection, Refined Localization, X-ray, Spectroscopy, Host Galaxy, Observation; Detection, Localization, X-ray, Optical, Spectroscopy, Redshift, Host Galaxy, Observation"
,EP250908b,EP/WXT,297.534,-57.505,0.0416666666666666,41752.0,2025-09-08,18:26:08,41752.0,13.0,,41752.0,,41752,,,,"Detection, Localization, X-ray, Spectroscopy, Observation"
,EP250908a,EP/WXT,,,,41757.0,2025-09-08,15:43:42,41757.0,,,,,41757,,,Not a real source.,"Detection, X-ray"
,EP250905b,EP/WXT,90.724,-54.167,0.04,41735.0,2025-09-05,19:18:28,41735.0,,,,,41735,,,,"Detection, Localization, X-ray, Spectroscopy, Observation"
,EP250905a,EP/WXT,4.4504,37.4697,0.0027777777777777,41737.0,2025-09-05,11:07:08,41737.0,,,,,"41725, 41737",,,,"Detection, Localization, X-ray, Observation; Detection, Refined Localization, X-ray, Spectroscopy, Observation"
,EP250903a,EP/WXT,339.1101,-49.8541,0.0027777777777777,41693.0,2025-09-03,13:59:40,41693.0,200.0,,41693.0,,"41693, 41674, 41680",,0.24,,"Detection, Refined Localization, X-ray, Spectroscopy, Observation; Detection, Localization, X-ray, Observation; Detection, X-ray, Optical, Redshift, Host Galaxy, Observation"
,EP250901a,EP/WXT,273.0416,18.7052,0.0027777777777777,41651.0,2025-09-01,12:02:50,41651.0,150.0,,41651.0,,"41651, 41627",0.5-4 keV,,,"Detection, Localization, Refined Localization, X-ray, Spectroscopy, Observation; Detection, Localization, X-ray, Observation"
,EP250831a,EP/WXT,42.951,-36.175,0.0483333333333333,41619.0,2025-08-31,09:49:12,41619.0,300.0,,41619.0,,41619,,,,"Detection, Localization, X-ray, Spectroscopy, Observation"
,EP250828a,EP/WXT,327.8932,20.5429,0.0027777777777777,41592.0,2025-08-28,07:27:16,41592.0,1500.0,,41592.0,,"41574, 41592",,,,"Detection, Localization, X-ray, Observation; Refined Localization, X-ray, Optical, Spectroscopy, Observation"
,EP250827b,EP/WXT,36.581,37.499,0.04,41635.0,2025-08-27,06:22:27,41635.0,,,,,"41641, 41669, 41639, 41838, 41635",,0.12,,"Detection, Localization, X-ray, Optical, Timing, Redshift, Upper Limit, Observation; Detection, Localization, X-ray, Optical, Redshift, Observation; X-ray, Spectroscopy, Redshift, Observation; Optical, Radio, Redshift, Observation; Detection, Localization, X-ray, Optical, Spectroscopy, Redshift, Host Galaxy, Upper Limit, Observation"
,EP250827a,EP/WXT,3.488,-56.463,0.05,41553.0,2025-08-27,07:40:43,41553.0,,,,,"41568, 41563, 41553, 41596, 41557, 41570",,"1.613, 1.61",,"Detection, Localization, X-ray, Optical, Redshift, Observation; Detection, Localization, X-ray, Optical, Spectroscopy, Redshift, Upper Limit, Observation; Detection, Localization, X-ray, Observation; Detection, Localization, X-ray, Optical, Redshift, Upper Limit, Observation; Detection, Optical, Redshift, Observation; Localization, Optical, Redshift, Observation"
,EP250821a,EP/WXT,289.856,-43.41,0.05,41459.0,2025-08-21,07:18:29,41459.0,,,,,"41549, 41459, 41490",,0.577,,"Optical, Redshift, Host Galaxy, Observation; Detection, Localization, X-ray, Observation; Detection, X-ray, Optical, Spectroscopy, Redshift, Host Galaxy, Observation"
,EP250812a,EP/WXT,30.9931,-9.3191,0.0027777777777777,41339.0,2025-08-12,13:09:03,41339.0,37.0,,41339.0,,"41339, 41327",,,,"Detection, Refined Localization, X-ray, Spectroscopy, Host Galaxy, Observation; Detection, Localization, X-ray, Observation"
,EP250807a,EP/WXT,281.311,14.383,0.05,41277.0,2025-08-07,23:33:02,41277.0,,,,,41277,,,,"Detection, Localization, X-ray, Optical, Spectroscopy, Timing, Observation"
,EP250806a,EP/WXT,335.1028,-26.8738,0.0027777777777777,41256.0,2025-08-06,09:17:30,41256.0,50.0,,41256.0,,"41256, 41246",,,,"Detection, Refined Localization, X-ray, Spectroscopy, Observation; Detection, Localization, X-ray, Observation"
,EP250802a,EP/WXT,303.321,24.814,0.0516666666666666,41221.0,2025-08-02,10:37:08,41221.0,650.0,,41221.0,,41221,,,,"Detection, Localization, X-ray, Spectroscopy, Observation"
,EP250730a,EP/WXT,313.264,-4.648,0.035,41207.0,2025-07-30,06:06:09,41207.0,250.0,,41207.0,,41207,,,,"Detection, Localization, X-ray, Spectroscopy, Observation"
,EP250711a,EP/WXT,292.153,4.707,0.0366666666666666,41070.0,2025-07-11,17:10:56,41070.0,1300.0,,41070.0,,41070,,,,"Detection, Localization, X-ray, Spectroscopy, Upper Limit, Observation"
,EP250612a,EP/WXT,229.6534,-26.7673,0.0027777777777777,40720.0,2025-06-12,12:27:38,40720.0,35.0,,40720.0,,"40700, 40720",,,,"Detection, Localization, X-ray, Observation; Detection, Refined Localization, Gamma-ray, X-ray, Optical, Spectroscopy, Observation"
,EP250610a,EP/WXT,248.3567,38.5362,0.0027777777777777,40669.0,2025-06-10,04:23:24,40669.0,140.0,,40669.0,,"40669, 40660",,,,"Detection, Refined Localization, X-ray, Optical, Spectroscopy, Observation; Detection, Localization, X-ray, Observation"
,EP250526a,EP/WXT,217.049,-34.355,0.0483333333333333,40550.0,2025-05-26,19:24:55,40554.0,175.0,,40554.0,,"40550, 40554",,,,"Detection, Localization, X-ray, Observation; Detection, Refined Localization, X-ray, Optical, Spectroscopy, Timing, Observation"
,EP250511a,EP/WXT,202.1113,-2.7023,0.0027777777777777,40434.0,2025-05-11,07:59:59,40434.0,50.0,,40434.0,,"40434, 40429",,,,"Detection, Refined Localization, X-ray, Spectroscopy, Observation; Detection, Localization, X-ray, Observation"
,EP250508a,EP/WXT,178.2555,-19.9244,0.0027777777777777,40399.0,2025-05-08,06:02:28.850000,40399.0,60.0,,40399.0,,"40390, 40399",,,,"Detection, Localization, X-ray, Observation; Detection, Refined Localization, X-ray, Spectroscopy, Observation"
,EP250428b,EP/WXT,220.479,2.09,0.045,40277.0,2025-04-28,06:05:31,40277.0,,,,,"40277, 40309",,,,"Detection, Localization, X-ray, Spectroscopy, Observation; Detection, X-ray, Optical, Redshift, Host Galaxy, Upper Limit, Observation"
,EP250421a,EP/WXT,172.413,-24.683,0.05,40198.0,2025-04-21,16:16:28,40198.0,,,,,40198,,,,"Detection, Localization, X-ray, Spectroscopy, Observation"
,EP250407a,EP/WXT,134.813,-38.956,0.0416666666666666,40118.0,2025-04-07,23:27:23,40118.0,70.0,,40118.0,,40118,,,,"Detection, Localization, X-ray, Spectroscopy, Observation"
,EP250402a,EP/WXT,172.168,-47.29,0.0416666666666666,40017.0,2025-04-02,12:29:06.850000,40017.0,80.0,,40017.0,,40017,,,,"Detection, Localization, X-ray, Spectroscopy, Observation"
,EP250324a,EP/WXT,,,,39866.0,2025-03-24,09:38:23,39866.0,,,,,39866,,,Not a real source.,"Detection, X-ray"
,EP250321a,EP/WXT,179.2623,17.3621,0.0027777777777777,39833.0,2025-03-21,06:06:44.850000,39833.0,600.0,,39833.0,,"39812, 39800, 39809, 39833",0.5-4 keV,4.368,,"Detection, Localization, X-ray, Optical, Redshift, Observation; Detection, Localization, X-ray, Observation; Detection, Optical, Infrared, Redshift, Observation; Detection, Localization, Refined Localization, X-ray, Optical, Infrared, Spectroscopy, Redshift, Observation"
,EP250315a,EP/WXT,203.0287,-9.5301,0.0027777777777777,39738.0,2025-03-15,05:58:16,39738.0,280.0,,39738.0,,"39731, 39738",,,,"Detection, Localization, X-ray, Observation; Detection, Localization, Refined Localization, X-ray, Optical, Spectroscopy, Observation"
,EP250308a,EP/WXT,210.581,18.515,0.0483333333333333,39625.0,2025-03-08,17:03:57,39625.0,,,,,39625,,,,"Detection, Localization, X-ray, Spectroscopy, Observation"
,EP250304a,EP/WXT,208.3953,-42.805,0.0027777777777777,39591.0,2025-03-04,01:29:49,39591.0,1200.0,,39591.0,,"39587, 39580, 39591, 39585",,0.2,,"Detection, Localization, X-ray, Optical, Redshift, Observation; Detection, Localization, X-ray, Observation; Detection, Refined Localization, X-ray, Optical, Spectroscopy, Redshift, Observation; Detection, X-ray, Optical, Spectroscopy, Redshift, Observation"
,EP250302a,EP/WXT,169.5151,33.5851,0.0027777777777777,39556.0,2025-03-02,15:36:04,39556.0,,,,,"39560, 39564, 39556, 39561, 39574",,"1.131, 0.549",,"Detection, Localization, Optical, Spectroscopy, Redshift, Observation; Detection, X-ray, Optical, Infrared, Spectroscopy, Redshift, Observation; Detection, X-ray, Optical, Spectroscopy, Observation; Localization, Optical, Redshift, Observation; Infrared, Spectroscopy, Redshift"
,EP250228a,EP/WXT,103.607,-41.581,0.05,39525.0,2025-02-28,03:59:09,39525.0,,,,,39525,,,,"Detection, Localization, X-ray, Observation"
,EP250227a,EP/WXT,204.133,-13.82,0.045,39532.0,2025-02-27,04:39:40,39532.0,40.0,,39532.0,,39532,,,,"Detection, Localization, X-ray, Spectroscopy, Observation"
,EP250225a,EP/WXT,141.272,-4.932,0.0466666666666666,39475.0,2025-02-25,12:13:50,39475.0,600.0,,39475.0,,"39475, 39573",,0.587,,"Detection, Localization, X-ray, Spectroscopy, Observation; Detection, Localization, X-ray, Optical, Spectroscopy, Redshift, Observation"
,EP250223a,EP/WXT,98.2748,-22.4443,0.0027777777777777,39448.0,2025-02-23,15:02:05.660000,39448.0,140.0,,39448.0,,"39438, 39445, 39448, 39440, 39429, 39476",,2.756,,"Detection, Localization, X-ray, Optical, Spectroscopy, Redshift; Detection, X-ray, Optical, Redshift, Observation; Detection, Refined Localization, X-ray, Optical, Spectroscopy, Redshift, Observation; Detection, Localization, X-ray, Observation; Detection, Optical, Redshift, Observation"
,EP250220a,EP/WXT,113.4,39.795,0.0468333333333333,39387.0,2025-02-20,02:11:59,39387.0,,,,,39387,,,,"Detection, Localization, X-ray, Spectroscopy, Observation"
,EP250212a,EP/WXT,114.949,60.493,0.0483333333333333,39308.0,2025-02-12,07:44:07,39308.0,360.0,,39308.0,,39308,,,,"Detection, Localization, X-ray, Infrared, Spectroscopy, Upper Limit, Observation"
,EP250207b,EP/WXT,167.495,-7.906,0.045,39266.0,2025-02-07,21:47:56,39266.0,,,,,"39287, 39278, 39266, 39270",,"0.082, 0.074",,"Localization, X-ray, Optical, Redshift; Detection, Localization, X-ray, Optical, Spectroscopy, Redshift, Host Galaxy, Upper Limit; Detection, Localization, X-ray, Spectroscopy, Observation; Detection, X-ray, Optical, Redshift"
,EP250207a,EP/WXT,356.902,27.027,0.0366666666666666,39224.0,2025-02-07,15:51:17,39224.0,,,,,"39224, 39218",,0.07,,"Detection, Localization, X-ray, Spectroscopy, Observation; Detection, X-ray, Optical, Redshift"
,EP250125a,EP/WXT,175.364,-21.708,0.0383333333333333,39028.0,2025-01-25,02:36:19,39028.0,74.0,,39028.0,,"39027, 39028",,2.89,,"Detection, Localization, X-ray, Optical, Spectroscopy, Redshift, Observation; Detection, Localization, X-ray, Optical, Spectroscopy, Observation"
,EP250111a,EP/WXT,97.1809,56.8983,0.0055555555555555,38905.0,2025-01-11,01:20:24,38905.0,83.0,,38905.0,,38905,,,,"Detection, X-ray, Spectroscopy, Observation"
,EP250109a,EP/WXT,88.806,-12.5,0.05,38864.0,2025-01-09,06:17:58,38864.0,,,,,38864,,,,"Detection, Localization, X-ray, Observation"
,EP250108a,EP/WXT,55.623,-22.509,0.0366666666666666,38861.0,2025-01-08,12:30:28.340000,38861.0,,,,,"38909, 38914, 39037, 38970, 38908, 38878, 38861",,"0.176, 0.882",,"Detection, Localization, X-ray, Optical, Spectroscopy, Redshift, Upper Limit, Observation; Detection, X-ray, Optical, Redshift, Observation; Detection, Refined Localization, X-ray, Spectroscopy, Redshift, Upper Limit; Localization, X-ray, Optical, Radio, Redshift, Upper Limit, Observation; Detection, Refined Localization, X-ray, Optical, Spectroscopy, Redshift, Observation; Detection, Localization, X-ray, Optical, Redshift, Host Galaxy, Observation; Detection, Localization, X-ray, Spectroscopy, Observation"
,EP250101a,EP/WXT,85.575,0.352,0.05333333333333334,38778.0,2025-01-01,05:52:21,38778.0,2500.0,,38778.0,VL,38778,,,,
,EP241231b,EP/WXT,100.064,16.171,0.0433333333333333,38778.0,2024-12-31,19:27:29,38778.0,,,,,38778,0.5-4 keV,,,"Detection, Localization, X-ray, Spectroscopy, Timing, Observation"
,EP241223a,EP/WXT,74.804,7.11,0.055,38660.0,2024-12-23,07:21:23,38660.0,,,,,38660,,,,"Detection, Localization, X-ray, Spectroscopy, Observation"
,EP241217a,EP/WXT,46.9398,30.9299,0.0466666666666666,38586.0,2024-12-17,05:36:03,38586.0,,,,,"38593, 38596, 38624, 38586, 38615",,"4.59, 4.6",,"Detection, Optical, Spectroscopy, Redshift; Detection, Localization, X-ray, Optical, Spectroscopy, Redshift, Observation; Detection, Refined Localization, X-ray, Optical, Spectroscopy, Redshift, Observation; Detection, Localization, X-ray, Observation; Detection, Localization, X-ray, Optical, Redshift, Observation"
,EP241213a,EP/WXT,116.182,35.271,0.0466666666666666,38554.0,2024-12-13,02:17:15,38554.0,,,,,38554,,,,"Detection, Localization, X-ray, Spectroscopy, Observation"
,EP241208a,EP/WXT,127.812,49.082,0.0666666666666666,38477.0,2024-12-08,16:36:13,38477.0,50.0,,38477.0,,"38513, 38477",0.5-10 keV,0.5,,"Detection, Localization, X-ray, Spectroscopy, Redshift, Observation; Detection, Localization, X-ray, Spectroscopy, Observation"
,EP241206a,EP/WXT,34.702,38.914,0.063,38457.0,2024-12-06,16:34:47,38457.0,400.0,,38457.0,,38457,,,,"Detection, Localization, X-ray, Spectroscopy, Observation"
,EP241202b,EP/WXT,45.302,2.441,0.0433333333333333,38426.0,2024-12-02,15:12:55,38426.0,,,,,38426,0.5-4 keV,,,"Detection, Localization, X-ray, Spectroscopy, Observation"
,EP241201a,EP/WXT,282.596,66.081,0.03905,38415.0,2024-12-01,20:59:16,38415.0,230.0,,38415.0,,"38418, 38415",,0.313,,"Detection, Localization, X-ray, Optical, Redshift, Host Galaxy, Observation; Detection, Localization, X-ray, Spectroscopy, Observation"
,EP241126a,EP/WXT,33.744,11.705,0.0404833333333333,38335.0,2024-11-26,19:39:41,38335.0,,,,,38335,0.5-4 keV,,,"Detection, Localization, X-ray, Spectroscopy, Observation"
,EP241125a,EP/WXT,48.561,37.677,0.0441666666666666,38318.0,2024-11-25,00:06:06,38318.0,,,,,38318,0.5-4 keV,,,"Detection, Localization, X-ray, Spectroscopy, Observation"
,EP241119a,EP/WXT,84.116,3.832,0.0383333333333333,38281.0,2024-11-19,17:53:20,38281.0,200.0,,38281.0,,38281,0.5-4 keV,,,"Detection, Localization, X-ray, Spectroscopy, Observation"
,EP241115a,EP/WXT,19.416,-17.954,0.0433333333333333,38239.0,2024-11-15,05:47:20,38239.0,500.0,,38239.0,,38239,0.5-4 keV,,,"Detection, Localization, X-ray, Spectroscopy, Observation"
,EP241113a,EP/WXT,131.9964,52.3815,0.0027777777777777,38211.0,2024-11-13,19:09:19,38211.0,,,,,"38233, 38449, 38248, 38211, 38659",,"0.115, 1.53, 1.5",,"Localization, X-ray, Optical, Redshift, Observation; Detection, Localization, X-ray, Optical, Spectroscopy, Redshift, Host Galaxy, Observation; Detection, Localization, X-ray, Redshift, Observation; Detection, Localization, X-ray, Spectroscopy, Observation; Detection, Localization, Optical, Radio, Redshift, Upper Limit, Observation"
,EP241109a,EP/WXT,18.3599,0.0184,0.0041666666666666,38140.0,2024-11-09,06:01:55,38140.0,,,,,38140,,,,"Detection, Localization, X-ray, Observation"
,EP241107a,EP/WXT,35.0085,3.3329,0.0027777777777777,38112.0,2024-11-07,14:10:23,38112.0,,,,,"38112, 38126, 38131, 38122",,"0.456, 0.4355",,"Detection, Localization, X-ray, Observation; Detection, X-ray, Optical, Redshift, Host Galaxy, Observation; Detection, Spectroscopy, Redshift, Observation"
,EP241103a,EP/WXT,27.7572,18.9587,0.0055555555555555,38051.0,2024-11-03,01:24:37,38051.0,,,,,38051,,,,"Detection, X-ray, Observation"
,EP241101a,EP/WXT,37.763,22.731,0.0466666666666666,38039.0,2024-11-01,23:52:49,38039.0,,,,,38039,,,,"Detection, Localization, X-ray, Spectroscopy, Upper Limit, Observation"
,EP241026b,EP/WXT,56.403,41.031,0.0483333333333333,37902.0,2024-10-26,18:14:30,37902.0,100.0,,37902.0,,37902,0.5-4 keV,,,"Detection, Localization, X-ray, Spectroscopy, Observation"
,EP241021a,EP/WXT,28.852,5.957,0.04,37834.0,2024-10-21,05:07:56,37834.0,100.0,,37834.0,,"38294, 37852, 37834, 37858",0.5-4 keV,"0.748, 0.75",,"Detection, Optical, Spectroscopy, Redshift, Upper Limit, Observation; Detection, X-ray, Optical, Redshift, Observation; Detection, Localization, X-ray, Spectroscopy, Observation; Detection, Gamma-ray, X-ray, Optical, Spectroscopy, Redshift, Host Galaxy, Observation"
,EP240919a,EP/WXT,334.2797,-9.7362,0.0055555555555555,37561.0,2024-09-19,14:47:40,37561.0,,,,,37561,,,,"Detection, Localization, X-ray, Spectroscopy, Observation"
,EP240918c,EP/WXT,281.338,-13.167,0.03833333333333333,37555.0,2024-09-18,18:06:47,37555.0,100.0,,37555.0,L,37555,,,,
,EP240918b,EP/WXT,258.66,66.739,0.0483333333333333,37555.0,2024-09-18,15:40:00,37555.0,,,,,37555,0.5-4 keV,,,"Detection, Localization, X-ray, Spectroscopy, Observation"
,EP240918a,EP/WXT,289.3937,46.1281,0.0055555555555555,37541.0,2024-09-18,11:24:37,37541.0,,,,,37541,,,,"Detection, X-ray, Observation"
,EP240913a,EP/WXT,16.681,16.75,0.0416666666666666,37492.0,2024-09-13,11:39:33,37492.0,1100.0,,37492.0,,"37492, 37497",0.5-4 keV,,,"Detection, Localization, X-ray, Spectroscopy, Observation"
,EP240908a,EP/WXT,14.0031,8.0735,0.0027777777777777,37432.0,2024-09-08,18:49:05,37432.0,,,,,37432,,,,"Detection, Localization, X-ray, Spectroscopy, Observation"
,EP240820a,EP/WXT,16.221,-34.698,0.035,37214.0,2024-08-20,00:54:47,37214.0,,,,,37214,,,,"Detection, Localization, X-ray, Spectroscopy, Observation"
,EP240816b,EP/WXT,16.013,15.398,0.0555,37185.0,2024-08-16,01:44:27,37185.0,,,,,37185,,,,"Detection, Localization, X-ray, Spectroscopy, Observation"
,EP240816a,EP/WXT,292.925,-54.412,0.0443333333333333,37188.0,2024-08-16,03:28:42,37188.0,,,,,37188,,,,"Detection, Localization, X-ray, Spectroscopy, Observation"
,EP240807a,EP/WXT,300.97,-68.777,0.0416666666666666,37088.0,2024-08-07,05:42:48,37088.0,,,,,37088,0.5-4 keV,,,"Detection, Localization, X-ray, Spectroscopy, Observation"
,EP240806a,EP/WXT,11.491,5.091,0.035,37063.0,2024-08-06,04:47:53.900000,37063.0,,,,,"37063, 37087",,2.818,,"Detection, Localization, X-ray, Spectroscopy, Observation; Detection, Localization, X-ray, Optical, Spectroscopy, Redshift, Observation"
,EP240804a,EP/WXT,337.644,-39.121,0.0666666666666666,37034.0,2024-08-04,21:36:53,37034.0,,,,,"37039, 37034",,3.662,,"Detection, Localization, X-ray, Redshift; Detection, Localization, X-ray, Spectroscopy, Observation"
,EP240802a,EP/WXT,287.807,-2.3125,0.0027777777777777,37019.0,2024-08-02,10:32:52,37019.0,,,,,37019,,,,"Detection, Localization, X-ray, Spectroscopy, Observation"
,EP240801a,EP/WXT,345.14,32.61,0.04,36997.0,2024-08-01,09:06:03,36997.0,,,,,"37013, 37146, 37228, 36997",,"1.673, 0.995",,"Detection, Optical, Spectroscopy, Redshift, Observation; Detection, Localization, Optical, Spectroscopy, Redshift, Observation; Detection, Localization, X-ray, Spectroscopy, Observation"
,EP240708a,EP/WXT,345.963,-22.84,0.05,36838.0,2024-07-08,23:28:23,36838.0,,,,,36838,0.5-4 keV,,,"Detection, Localization, X-ray, Spectroscopy, Observation"
,EP240703c,EP/WXT,289.264,-30.325,0.05,36818.0,2024-07-03,18:15:00,36818.0,,,,,36818,0.5-4 keV,,,"Detection, Localization, X-ray, Spectroscopy, Observation"
,EP240703b,EP/WXT,279.539,-57.401,0.05,36810.0,2024-07-03,05:24:26,36810.0,600.0,,36810.0,,36810,0.5-4 keV,,,"Detection, Localization, X-ray, Spectroscopy, Observation"
,EP240703a,EP/WXT,273.803,-9.681,0.05,36807.0,2024-07-03,00:38:40,36807.0,300.0,,36807.0,,36807,0.5-4 keV,,,"Detection, Localization, X-ray, Spectroscopy, Observation"
,EP240702a,EP/WXT,328.203,-38.98,0.05,36801.0,2024-07-02,00:50:05,36801.0,,,,,36801,0.5-4 keV,,,"Detection, Localization, X-ray, Spectroscopy, Observation"
,EP J120944.2+585060,EP/FXT,182.4341,58.8499,0.002777777777777778,39834.0,2025-03-18,15:23:50,39834.0,,,39834.0,,39834,0.5-10 keV,,,
